id,nombre,apellido,email
1,Rustin,Vanezis,rvanezis0@bloglovin.com
2,Coreen,Buchett,cbuchett1@blog.com
3,Prescott,Rippin,prippin2@domainmarket.com
4,Esdras,Easterbrook,eeasterbrook3@webnode.com
5,Aprilette,Giacovetti,agiacovetti4@amazonaws.com
6,Marcy,Ronca,mronca5@hostgator.com
7,Brad,Strotton,bstrotton6@quantcast.com
8,Bambie,Flamank,bflamank7@scribd.com
9,Obadiah,Carlon,ocarlon8@flickr.com
10,Crissy,Lanceter,clanceter9@php.net
11,Loise,Nuemann,lnuemanna@clickbank.net
12,Silva,Tetsall,stetsallb@ftc.gov
13,Ludvig,Spirritt,lspirrittc@eventbrite.com
14,Prent,Rheaume,prheaumed@posterous.com
15,Linnell,Dowding,ldowdinge@sohu.com
16,Vladimir,Dreakin,vdreakinf@nba.com
17,Filippo,Jude,fjudeg@prlog.org
18,Claire,Uccelli,cuccellih@ca.gov
19,Sonnie,Jan,sjani@topsy.com
20,Stevana,Aldham,saldhamj@printfriendly.com
